<?xml version="1.0" encoding="UTF-8"?>
<!DOCTYPE suite SYSTEM "http://testng.org/testng-1.0.dtd">
<suite guice-stage="DEVELOPMENT" name="Failed suite [Default suite]">
  <test thread-count="5" name="Default test(failed)">
    <classes>
      <class name="clearscore.interview.Task3TestHarness">
        <methods>
          <include name="setupTest"/>
          <include name="endTest"/>
          <include name="runTest2"/>
        </methods>
      </class> <!-- clearscore.interview.Task3TestHarness -->
    </classes>
  </test> <!-- Default test(failed) -->
</suite> <!-- Failed suite [Default suite] -->
